Datetime,Water Level (m)
2025-06-27 06:00:00,1.3794019
2025-06-27 07:00:00,1.3539869
2025-06-27 08:00:00,1.1463169
2025-06-27 09:00:00,0.76707023
2025-06-27 10:00:00,0.4192209
2025-06-27 11:00:00,0.1443144
2025-06-27 12:00:00,-0.09037231
2025-06-27 13:00:00,-0.2826711
2025-06-27 14:00:00,-0.34209546
2025-06-27 15:00:00,0.096325465
2025-06-27 16:00:00,0.51813805
2025-06-27 17:00:00,0.82557577
2025-06-27 18:00:00,1.0119219
2025-06-27 19:00:00,1.0147383
2025-06-27 20:00:00,0.8191087
2025-06-27 21:00:00,0.46606472
2025-06-27 22:00:00,0.1498905
2025-06-27 23:00:00,-0.07614972
2025-06-28 00:00:00,-0.25620088
2025-06-28 01:00:00,-0.37675625
2025-06-28 02:00:00,-0.32005727
2025-06-28 03:00:00,0.1854901
2025-06-28 04:00:00,0.6280555
2025-06-28 05:00:00,1.0370537
2025-06-28 06:00:00,1.3536117
2025-06-28 07:00:00,1.4882281
2025-06-28 08:00:00,1.3855011
2025-06-28 09:00:00,1.0547084
2025-06-28 10:00:00,0.64553505
2025-06-28 11:00:00,0.33842266
2025-06-28 12:00:00,0.08911973
2025-06-28 13:00:00,-0.11750972
2025-06-28 14:00:00,-0.24183041
2025-06-28 15:00:00,-0.17285933
2025-06-28 16:00:00,0.2931517
2025-06-28 17:00:00,0.62089753
2025-06-28 18:00:00,0.8771389
2025-06-28 19:00:00,1.0133412
2025-06-28 20:00:00,0.9950267
2025-06-28 21:00:00,0.7851497
2025-06-28 22:00:00,0.45314693
2025-06-28 23:00:00,0.17623053
2025-06-29 00:00:00,-0.04035676
2025-06-29 01:00:00,-0.22076564
2025-06-29 02:00:00,-0.32627323
2025-06-29 03:00:00,-0.18576874
2025-06-29 04:00:00,0.39479375
2025-06-29 05:00:00,0.8096618
2025-06-29 06:00:00,1.1345992
2025-06-29 07:00:00,1.348504
2025-06-29 08:00:00,1.3942968
2025-06-29 09:00:00,1.2435372
2025-06-29 10:00:00,0.88858324
2025-06-29 11:00:00,0.5514309
2025-06-29 12:00:00,0.2870612
2025-06-29 13:00:00,0.06260539
2025-06-29 14:00:00,-0.120300554
2025-06-29 15:00:00,-0.19245379
2025-06-29 16:00:00,0.0051615383
2025-06-29 17:00:00,0.44686717
2025-06-29 18:00:00,0.7392475
2025-06-29 19:00:00,0.9433206
2025-06-29 20:00:00,1.0349053
2025-06-29 21:00:00,0.9646398
2025-06-29 22:00:00,0.72404325
2025-06-29 23:00:00,0.41120663
2025-06-30 00:00:00,0.1781158
2025-06-30 01:00:00,-0.0065426966
2025-06-30 02:00:00,-0.15308428
2025-06-30 03:00:00,-0.18626675
2025-06-30 04:00:00,0.09046045
2025-06-30 05:00:00,0.5728251
2025-06-30 06:00:00,0.9009104
2025-06-30 07:00:00,1.1596725
2025-06-30 08:00:00,1.2930841
2025-06-30 09:00:00,1.2618798
2025-06-30 10:00:00,1.0529673
2025-06-30 11:00:00,0.7132342
2025-06-30 12:00:00,0.43777606
2025-06-30 13:00:00,0.21477543
2025-06-30 14:00:00,0.028324973
2025-06-30 15:00:00,-0.0977436
2025-06-30 16:00:00,-0.08901322
2025-06-30 17:00:00,0.20335709
2025-06-30 18:00:00,0.5625085
2025-06-30 19:00:00,0.80454904
2025-06-30 20:00:00,0.9466845
2025-06-30 21:00:00,0.9738645
2025-06-30 22:00:00,0.85282695
2025-06-30 23:00:00,0.6079586
2025-07-01 00:00:00,0.35925904
2025-07-01 01:00:00,0.17345764
2025-07-01 02:00:00,0.022704327
2025-07-01 03:00:00,-0.07695671
2025-07-01 04:00:00,-0.025151422
2025-07-01 05:00:00,0.33015367
2025-07-01 06:00:00,0.7143351
2025-07-01 07:00:00,0.98017526
2025-07-01 08:00:00,1.1442235
2025-07-01 09:00:00,1.1875627
2025-07-01 10:00:00,1.0755818
2025-07-01 11:00:00,0.8105608
2025-07-01 12:00:00,0.5242505
2025-07-01 13:00:00,0.30104876
2025-07-01 14:00:00,0.11685647
2025-07-01 15:00:00,-0.029702494
2025-07-01 16:00:00,-0.09951525
2025-07-01 17:00:00,-0.019220667
2025-07-01 18:00:00,0.29998314
2025-07-01 19:00:00,0.57747906
2025-07-01 20:00:00,0.7803215
2025-07-01 21:00:00,0.8937385
2025-07-01 22:00:00,0.9036449
2025-07-01 23:00:00,0.7831734
2025-07-02 00:00:00,0.55230016
2025-07-02 01:00:00,0.33829615
2025-07-02 02:00:00,0.18281052
2025-07-02 03:00:00,0.06513492
2025-07-02 04:00:00,0.017917044
2025-07-02 05:00:00,0.15382363
2025-07-02 06:00:00,0.49160656
2025-07-02 07:00:00,0.780511
2025-07-02 08:00:00,0.9691969
2025-07-02 09:00:00,1.0600418
2025-07-02 10:00:00,1.0411421
2025-07-02 11:00:00,0.8970876
2025-07-02 12:00:00,0.65243095
2025-07-02 13:00:00,0.42121857
2025-07-02 14:00:00,0.23360278
2025-07-02 15:00:00,0.08165805
2025-07-02 16:00:00,-0.025418948
2025-07-02 17:00:00,-0.038108744
2025-07-02 18:00:00,0.11647009
2025-07-02 19:00:00,0.4113727
2025-07-02 20:00:00,0.6308742
2025-07-02 21:00:00,0.78441024
2025-07-02 22:00:00,0.86314774
2025-07-02 23:00:00,0.85481626
2025-07-03 00:00:00,0.73777556
2025-07-03 01:00:00,0.54076976
2025-07-03 02:00:00,0.3819175
2025-07-03 03:00:00,0.27235624
2025-07-03 04:00:00,0.20220804
2025-07-03 05:00:00,0.22666514
2025-07-03 06:00:00,0.4174891
